Year,Industry_aggregation_NZSIOC,Industry_code_NZSIOC,Industry_name_NZSIOC,Units,Variable_code,Variable_name,Variable_category,Value,Industry_code_ANZSIC06
2025,Level 1,99999,All industries,Dollars (millions),H01,Total income,Financial performance,976077,"ANZSIC06 divisions A-S (excluding classes K6330, L6711, O7552, O760, O771, O772, S9540, S9601, S9602, and S9603)"
2025,Level 1,99999,All industries,Dollars (millions),H04,"Sales, government funding, grants and subsidies",Financial performance,854561,"ANZSIC06 divisions A-S (excluding classes K6330, L6711, O7552, O760, O771, O772, S9540, S9601, S9602, and S9603)"
2025,Level 1,99999,All industries,Dollars (millions),H05,"Interest, dividends and donations",Financial performance,96238,"ANZSIC06 divisions A-S (excluding classes K6330, L6711, O7552, O760, O771, O772, S9540, S9601, S9602, and S9603)"
2025,Level 1,99999,All industries,Dollars (millions),H07,Non-operating income,Financial performance,25279,"ANZSIC06 divisions A-S (excluding classes K6330, L6711, O7552, O760, O771, O772, S9540, S9601, S9602, and S9603)"
2025,Level 1,99999,All industries,Dollars (millions),H08,Total expenditure,Financial performance,867750,"ANZSIC06 divisions A-S (excluding classes K6330, L6711, O7552, O760, O771, O772, S9540, S9601, S9602, and S9603)"
2025,Level 1,99999,All industries,Dollars (millions),H09,Interest and donations,Financial performance,67376,"ANZSIC06 divisions A-S (excluding classes K6330, L6711, O7552, O760, O771, O772, S9540, S9601, S9602, and S9603)"
2025,Level 1,99999,All industries,Dollars (millions),H10,Indirect taxes,Financial performance,9483,"ANZSIC06 divisions A-S (excluding classes K6330, L6711, O7552, O760, O771, O772, S9540, S9601, S9602, and S9603)"
2025,Level 1,99999,All industries,Dollars (millions),H11,Depreciation,Financial performance,33337,"ANZSIC06 divisions A-S (excluding classes K6330, L6711, O7552, O760, O771, O772, S9540, S9601, S9602, and S9603)"
2025,Level 1,99999,All industries,Dollars (millions),H12,Salaries and wages paid,Financial performance,160833,"ANZSIC06 divisions A-S (excluding classes K6330, L6711, O7552, O760, O771, O772, S9540, S9601, S9602, and S9603)"
2025,Level 1,99999,All industries,Dollars (millions),H13,Redundancy and severance,Financial performance,455,"ANZSIC06 divisions A-S (excluding classes K6330, L6711, O7552, O760, O771, O772, S9540, S9601, S9602, and S9603)"
2025,Level 1,99999,All industries,Dollars (millions),H14,Salaries and wages to self employed commission agents,Financial performance,1702,"ANZSIC06 divisions A-S (excluding classes K6330, L6711, O7552, O760, O771, O772, S9540, S9601, S9602, and S9603)"
2025,Level 1,99999,All industries,Dollars (millions),H19,Purchases and other operating expenses,Financial performance,578315,"ANZSIC06 divisions A-S (excluding classes K6330, L6711, O7552, O760, O771, O772, S9540, S9601, S9602, and S9603)"
2025,Level 1,99999,All industries,Dollars (millions),H20,Non-operating expenses,Financial performance,16703,"ANZSIC06 divisions A-S (excluding classes K6330, L6711, O7552, O760, O771, O772, S9540, S9601, S9602, and S9603)"
2025,Level 1,99999,All industries,Dollars (millions),H21,Opening stocks,Financial performance,86693,"ANZSIC06 divisions A-S (excluding classes K6330, L6711, O7552, O760, O771, O772, S9540, S9601, S9602, and S9603)"
2025,Level 1,99999,All industries,Dollars (millions),H22,Closing stocks,Financial performance,88214,"ANZSIC06 divisions A-S (excluding classes K6330, L6711, O7552, O760, O771, O772, S9540, S9601, S9602, and S9603)"
2025,Level 1,99999,All industries,Dollars (millions),H23,Surplus before income tax,Financial performance,109848,"ANZSIC06 divisions A-S (excluding classes K6330, L6711, O7552, O760, O771, O772, S9540, S9601, S9602, and S9603)"
2025,Level 1,99999,All industries,Dollars (millions),H24,Total assets,Financial position,3068548,"ANZSIC06 divisions A-S (excluding classes K6330, L6711, O7552, O760, O771, O772, S9540, S9601, S9602, and S9603)"
2025,Level 1,99999,All industries,Dollars (millions),H25,Current assets,Financial position,932824,"ANZSIC06 divisions A-S (excluding classes K6330, L6711, O7552, O760, O771, O772, S9540, S9601, S9602, and S9603)"
2025,Level 1,99999,All industries,Dollars (millions),H26,Fixed tangible assets,Financial position,774041,"ANZSIC06 divisions A-S (excluding classes K6330, L6711, O7552, O760, O771, O772, S9540, S9601, S9602, and S9603)"
2025,Level 1,99999,All industries,Dollars (millions),H29,Other assets,Financial position,1361682,"ANZSIC06 divisions A-S (excluding classes K6330, L6711, O7552, O760, O771, O772, S9540, S9601, S9602, and S9603)"
2025,Level 1,99999,All industries,Dollars (millions),H30,Total equity and liabilities,Financial position,3068548,"ANZSIC06 divisions A-S (excluding classes K6330, L6711, O7552, O760, O771, O772, S9540, S9601, S9602, and S9603)"
2025,Level 1,99999,All industries,Dollars (millions),H31,Shareholders funds or owners equity,Financial position,1064513,"ANZSIC06 divisions A-S (excluding classes K6330, L6711, O7552, O760, O771, O772, S9540, S9601, S9602, and S9603)"
2025,Level 1,99999,All industries,Dollars (millions),H32,Current liabilities,Financial position,1185025,"ANZSIC06 divisions A-S (excluding classes K6330, L6711, O7552, O760, O771, O772, S9540, S9601, S9602, and S9603)"
2025,Level 1,99999,All industries,Dollars (millions),H33,Other liabilities,Financial position,819010,"ANZSIC06 divisions A-S (excluding classes K6330, L6711, O7552, O760, O771, O772, S9540, S9601, S9602, and S9603)"
2025,Level 1,99999,All industries,Dollars,H34,Total income per employee count,Financial ratios,488300,"ANZSIC06 divisions A-S (excluding classes K6330, L6711, O7552, O760, O771, O772, S9540, S9601, S9602, and S9603)"
2025,Level 1,99999,All industries,Percentage,H35,Surplus per employee count,Financial ratios,55000,"ANZSIC06 divisions A-S (excluding classes K6330, L6711, O7552, O760, O771, O772, S9540, S9601, S9602, and S9603)"
2025,Level 1,99999,All industries,Percentage,H36,Current ratio,Financial ratios,79,"ANZSIC06 divisions A-S (excluding classes K6330, L6711, O7552, O760, O771, O772, S9540, S9601, S9602, and S9603)"
2025,Level 1,99999,All industries,Percentage,H37,Quick ratio,Financial ratios,71,"ANZSIC06 divisions A-S (excluding classes K6330, L6711, O7552, O760, O771, O772, S9540, S9601, S9602, and S9603)"
2025,Level 1,99999,All industries,Percentage,H39,Return on equity,Financial ratios,10,"ANZSIC06 divisions A-S (excluding classes K6330, L6711, O7552, O760, O771, O772, S9540, S9601, S9602, and S9603)"
2025,Level 1,99999,All industries,Percentage,H40,Return on total assets,Financial ratios,4,"ANZSIC06 divisions A-S (excluding classes K6330, L6711, O7552, O760, O771, O772, S9540, S9601, S9602, and S9603)"
2025,Level 1,99999,All industries,Percentage,H41,Liabilities structure,Financial ratios,35,"ANZSIC06 divisions A-S (excluding classes K6330, L6711, O7552, O760, O771, O772, S9540, S9601, S9602, and S9603)"
2025,Level 1,AA,"Agriculture, Forestry and Fishing",Dollars (millions),H01,Total income,Financial performance,60188,ANZSIC06 division A
2025,Level 1,AA,"Agriculture, Forestry and Fishing",Dollars (millions),H04,Sales of goods and services,Financial performance,56366,ANZSIC06 division A
2025,Level 1,AA,"Agriculture, Forestry and Fishing",Dollars (millions),H05,"Interest, dividends and donations",Financial performance,1409,ANZSIC06 division A
2025,Level 1,AA,"Agriculture, Forestry and Fishing",Dollars (millions),H06,"Government funding, grants and subsidies",Financial performance,27,ANZSIC06 division A
2025,Level 1,AA,"Agriculture, Forestry and Fishing",Dollars (millions),H07,Non-operating income,Financial performance,2385,ANZSIC06 division A
2025,Level 1,AA,"Agriculture, Forestry and Fishing",Dollars (millions),H08,Total expenditure,Financial performance,52291,ANZSIC06 division A
2025,Level 1,AA,"Agriculture, Forestry and Fishing",Dollars (millions),H09,Interest and donations,Financial performance,4485,ANZSIC06 division A
2025,Level 1,AA,"Agriculture, Forestry and Fishing",Dollars (millions),H10,Indirect taxes,Financial performance,599,ANZSIC06 division A
2025,Level 1,AA,"Agriculture, Forestry and Fishing",Dollars (millions),H11,Depreciation,Financial performance,2739,ANZSIC06 division A
2025,Level 1,AA,"Agriculture, Forestry and Fishing",Dollars (millions),H12,Salaries and wages paid,Financial performance,7638,ANZSIC06 division A
2025,Level 1,AA,"Agriculture, Forestry and Fishing",Dollars (millions),H13,Redundancy and severance,Financial performance,10,ANZSIC06 division A
2025,Level 1,AA,"Agriculture, Forestry and Fishing",Dollars (millions),H19,Purchases and other operating expenses,Financial performance,35345,ANZSIC06 division A
2025,Level 1,AA,"Agriculture, Forestry and Fishing",Dollars (millions),H20,Non-operating expenses,Financial performance,1484,ANZSIC06 division A
2025,Level 1,AA,"Agriculture, Forestry and Fishing",Dollars (millions),H21,Opening stocks,Financial performance,16033,ANZSIC06 division A
2025,Level 1,AA,"Agriculture, Forestry and Fishing",Dollars (millions),H22,Closing stocks,Financial performance,16797,ANZSIC06 division A
2025,Level 1,AA,"Agriculture, Forestry and Fishing",Dollars (millions),H23,Surplus before income tax,Financial performance,8662,ANZSIC06 division A
2025,Level 1,AA,"Agriculture, Forestry and Fishing",Dollars (millions),H24,Total assets,Financial position,231310,ANZSIC06 division A
2025,Level 1,AA,"Agriculture, Forestry and Fishing",Dollars (millions),H25,Current assets,Financial position,42939,ANZSIC06 division A
2025,Level 1,AA,"Agriculture, Forestry and Fishing",Dollars (millions),H26,Fixed tangible assets,Financial position,130974,ANZSIC06 division A